Event ID,data Miss Dist.,computed Miss Dist.,data poc,computed poc,sigma2_1,sigma2_2,sigma2_3
41456_35732_29/06/2018,0.039,0.029024452322259697,0.00174,7.6074859064905628e-05,0.12567592222000001,1.4685352845999999,0.29766377780000003
